,SMILES,liv,lun,sto,mgl,liv_reliability,lun_reliability,sto_reliability,mgl_reliability
0,C(/C=C/Cl)Cl,1.0,1.0,1.0,0.0,explicit,explicit,explicit,implicit
1,C(C(CBr)Br)O,1.0,1.0,1.0,1.0,explicit,explicit,explicit,explicit
2,C(C(CBr)Br)OP(=O)(OCC(CBr)Br)OCC(CBr)Br,1.0,1.0,1.0,0.0,explicit,explicit,explicit,implicit
3,C(C(CCl)Cl)Cl,1.0,0.0,1.0,1.0,explicit,implicit,explicit,explicit
4,C(C(CO)(CBr)CBr)O,1.0,1.0,1.0,1.0,explicit,explicit,explicit,explicit
5,C(C=CCl)Cl,1.0,1.0,1.0,0.0,explicit,explicit,explicit,implicit
6,C(CBr)Br,1.0,1.0,1.0,1.0,explicit,explicit,explicit,explicit
7,C(CCl)Cl,1.0,1.0,1.0,1.0,explicit,explicit,explicit,explicit
8,C(CN(C(=O)N)N=O)CO,1.0,1.0,1.0,0.0,explicit,explicit,explicit,implicit
9,C(CO)N(C(=O)N)N=O,1.0,1.0,1.0,1.0,explicit,explicit,explicit,explicit
10,C(Cl)(Cl)(Cl)Cl,1.0,0.0,0.0,1.0,explicit,implicit,implicit,explicit
11,C(Cl)Cl,1.0,1.0,0.0,1.0,explicit,explicit,implicit,explicit
12,C1(C(=C(C(=O)O1)Cl)C(Cl)Cl)O,1.0,1.0,0.0,1.0,explicit,explicit,implicit,explicit
13,C1=C(OC(=C1)[N+](=O)[O-])/C=C/C2=NOC(=N2)N,1.0,1.0,1.0,1.0,explicit,explicit,explicit,explicit
14,C1=C(OC(=C1)[N+](=O)[O-])C2=CSC(=N2)NNC=O,1.0,1.0,1.0,1.0,explicit,explicit,explicit,explicit
15,C1=CC(=C(C=C1CC2=CC(=C(C=C2)N)Cl)Cl)N,1.0,1.0,0.0,1.0,explicit,explicit,implicit,explicit
16,C1=CC(=C(C=C1Cl)N)N,1.0,0.0,1.0,0.0,explicit,implicit,explicit,implicit
17,C1=CC(=CC=C1C2=CC=C(C=C2)N)N,1.0,0.0,0.0,1.0,explicit,implicit,implicit,explicit
18,C1=CC2=C(C(=C1)[N+](=O)[O-])N=CC=C2,0.0,0.0,1.0,0.0,explicit,implicit,explicit,implicit
19,C1=CC2=C3C(=C(C=C2)[N+](=O)[O-])C=CC4=C(C=CC1=C43)[N+](=O)[O-],1.0,0.0,0.0,1.0,explicit,implicit,implicit,explicit
20,C1=CC=C(C=C1)CCN(C(=O)N)N=O,1.0,0.0,1.0,0.0,explicit,implicit,explicit,implicit
21,C1=CC=C(C=C1)CCl,1.0,1.0,1.0,0.0,explicit,explicit,explicit,implicit
22,C1=CC=C(C=C1)[N+](=O)[O-],1.0,1.0,0.0,1.0,explicit,explicit,implicit,explicit
23,C1=CC=C2C(=C1)C(=O)C3=C(C2=O)C(=C(C=C3Br)Br)N,1.0,1.0,1.0,0.0,explicit,explicit,explicit,implicit
24,C1=CC=C2C(=C1)C3=C4[C@@]25[C@@H](O5)C(C(C4=CC=C3)O)O,1.0,1.0,0.0,1.0,explicit,explicit,implicit,explicit
25,C1=CC=C2C(=C1)C3=CC=CC4=C3C5=C2C6=C(C=C5C=C4)[C@H]([C@@H]([C@H]7[C@@H]6O7)O)O,1.0,1.0,0.0,1.0,explicit,explicit,implicit,explicit
26,C1=CC=C2C(=C1)C=CC3=C2C4=C(N3)C=CC5=CC=CC=C54,1.0,1.0,1.0,0.0,explicit,explicit,explicit,implicit
27,C1=CC=C2C(=C1)C=CC3=C2C=C(C4=CC=CC=C34)[N+](=O)[O-],1.0,1.0,0.0,1.0,explicit,explicit,implicit,explicit
28,C1=CC=C2C(=C1)C=CC3=C4C=CC5=C(C4=C6C(=C32)O6)C(=C(C=C5)O)O,1.0,1.0,0.0,1.0,explicit,explicit,implicit,explicit
29,C1=CC=C2C(=C1)C=CC3=CC4=C(C=CC5=CC=CC=C54)C=C32,1.0,1.0,1.0,0.0,explicit,explicit,explicit,implicit
30,C1=CC=C2C(=C1)C=CO2,1.0,1.0,1.0,0.0,explicit,explicit,explicit,implicit
31,C1=CC=C2C3=C4C(=CC2=C1)C=CC5=C4C(=CC=C5)C=C3,1.0,1.0,1.0,1.0,explicit,explicit,explicit,explicit
32,C1=CC=CC=C1,1.0,1.0,1.0,1.0,explicit,explicit,explicit,explicit
33,C1=CN=CC=C1C(=O)NN,1.0,1.0,0.0,1.0,explicit,explicit,explicit,explicit
34,C1=COC(=C1)C(=CC2=CC=C(O2)[N+](=O)[O-])C(=O)N,0.0,0.0,1.0,1.0,explicit,implicit,explicit,explicit
35,C1C(O1)C2=CC=CC=C2,1.0,0.0,1.0,0.0,explicit,implicit,explicit,implicit
36,C1C(O1)CCl,0.0,0.0,1.0,0.0,explicit,implicit,explicit,implicit
37,C1C(O1)CO,1.0,1.0,1.0,1.0,explicit,explicit,explicit,explicit
38,C1C(O1)OC(=O)N,1.0,1.0,0.0,1.0,explicit,explicit,implicit,explicit
39,C1C2=CC=CC=C2C3=C1C=C(C=C3)N,1.0,0.0,0.0,1.0,explicit,implicit,implicit,explicit
40,C1C2=CC=CC=C2C3=C1C=C(C=C3)NC(=O)C(F)(F)F,1.0,0.0,0.0,1.0,explicit,implicit,implicit,explicit
41,C1C2=CC=CC=C2C3=C1C=C(C=C3)[N+](=O)[O-],1.0,0.0,1.0,0.0,explicit,implicit,explicit,implicit
42,C1CC2=CC=C(C3=CC=CC1=C23)[N+](=O)[O-],1.0,1.0,0.0,1.0,explicit,explicit,implicit,explicit
43,C1CCCN(CC1)N=O,1.0,1.0,1.0,0.0,explicit,explicit,explicit,implicit
44,C1CCCN(CCC1)N=O,1.0,1.0,1.0,0.0,explicit,explicit,explicit,implicit
45,C1CCN(CC1)N=O,1.0,1.0,1.0,0.0,explicit,explicit,explicit,implicit
46,C1CN(CC=C1)N=O,1.0,0.0,1.0,0.0,explicit,implicit,explicit,implicit
47,C1CN(P(=O)(OC1)NCCCl)CCCl,0.0,1.0,0.0,1.0,explicit,explicit,implicit,explicit
48,C1COC(=O)N1N=O,1.0,0.0,1.0,0.0,explicit,implicit,explicit,implicit
49,C1COCCN1N=O,1.0,1.0,1.0,0.0,explicit,explicit,explicit,implicit
50,C=C(Cl)Cl,1.0,1.0,0.0,1.0,explicit,explicit,implicit,explicit
51,C=CC#N,1.0,1.0,1.0,1.0,explicit,explicit,explicit,explicit
52,C=CC(=C)Cl,1.0,1.0,1.0,1.0,explicit,explicit,explicit,explicit
53,C=CC1=CC=CC=C1,0.0,1.0,0.0,1.0,explicit,explicit,implicit,explicit
54,C=CC=C,1.0,1.0,1.0,1.0,explicit,explicit,explicit,explicit
55,C=CCN(CC=C)N,0.0,1.0,1.0,0.0,explicit,explicit,explicit,implicit
56,C=CCl,1.0,1.0,1.0,1.0,explicit,explicit,explicit,explicit
57,C=CF,1.0,1.0,0.0,1.0,explicit,explicit,implicit,explicit
58,CBr,0.0,0.0,1.0,0.0,explicit,explicit,explicit,implicit
59,CC(=C)C=C,1.0,1.0,1.0,1.0,explicit,explicit,explicit,explicit
60,CC(=O)CNCC(C(N=O)O)O,0.0,1.0,1.0,0.0,explicit,explicit,explicit,implicit
61,CC(=O)NC1=CC2=C(C=C1)C3=CC=CC=C3C2=O,1.0,0.0,0.0,1.0,explicit,implicit,implicit,explicit
62,CC(=O)NC1=NN=C(S1)C2=CC=C(O2)[N+](=O)[O-],1.0,1.0,1.0,0.0,explicit,explicit,explicit,implicit
63,CC(=O)OC(C=C)C1=CC2=C(C=C1)OCO2,0.0,0.0,1.0,0.0,explicit,implicit,explicit,implicit
64,CC(=O)OC=C,1.0,1.0,1.0,0.0,explicit,explicit,explicit,implicit
65,CC(=O)[C@]1(CC[C@@H]2[C@@]1(CC[C@H]3[C@H]2C=C(C4=CC(=O)[C@@H]5C[C@@H]5[C@]34C)Cl)C)OC(=O)C,1.0,0.0,1.0,0.0,explicit,implicit,explicit,implicit
66,CC(C(C1=CC=CC=C1)O)N(C)N=O,1.0,1.0,1.0,0.0,explicit,explicit,explicit,implicit
67,CC(CCl)OC(C)CCl,1.0,1.0,1.0,0.0,explicit,explicit,explicit,implicit
68,CC(CN(C(=O)N)N=O)O,1.0,0.0,1.0,0.0,explicit,implicit,explicit,implicit
69,CC/C(=C(/CC)\C1=CC=C(C=C1)O)/C2=CC=C(C=C2)O,1.0,0.0,0.0,1.0,explicit,implicit,implicit,explicit
70,CC/C=C/C=C/C=C/C=C/C=C/OC[C@H](CO)O,1.0,1.0,1.0,0.0,explicit,explicit,explicit,implicit
71,CC1=C(C=C(C=C1)N)N,1.0,0.0,0.0,1.0,explicit,explicit,implicit,explicit
72,CC1=C(C=CC(=C1)CC2=CC(=C(C=C2)N)C)N,1.0,0.0,0.0,1.0,explicit,implicit,implicit,explicit
73,CC1=C2C=CC3=CC=CC=C3C2=C(C4=CC=CC=C14)C,1.0,1.0,0.0,1.0,explicit,explicit,implicit,explicit
74,CC1=C2CCC3=C2C(=CC4=C3C=CC5=CC=CC=C54)C=C1,0.0,1.0,0.0,1.0,explicit,explicit,implicit,explicit
75,CC1=CC(=C(C=C1)O)N=NC2=CC=C(C=C2)NC(=O)C,1.0,0.0,1.0,0.0,explicit,explicit,explicit,implicit
76,CC1=CC=CC=C1[N+](=O)[O-],1.0,1.0,0.0,1.0,explicit,explicit,implicit,explicit
77,CC1=CN=C2C=CC3=C(C2=N1)N=C(N3C)N,1.0,1.0,0.0,1.0,explicit,explicit,implicit,explicit
78,CC1=NC=C(N1CCO)[N+](=O)[O-],1.0,1.0,0.0,1.0,explicit,explicit,implicit,explicit
79,CC1CN(CC(O1)C)N=O,1.0,1.0,1.0,0.0,explicit,explicit,explicit,implicit
80,CC1CN(CCO1)N=O,1.0,1.0,1.0,0.0,explicit,explicit,explicit,implicit
81,CC=NN(C)C=O,0.0,1.0,1.0,0.0,explicit,explicit,explicit,implicit
82,CCC(=O)N(C1=CC=C(C=C1)/C=C/C2=CC=CC=C2)O,1.0,1.0,0.0,1.0,explicit,explicit,implicit,explicit
83,CCCCCCCCCCCCN(C)N=O,1.0,1.0,1.0,0.0,explicit,explicit,explicit,implicit
84,CCCCCCCCCCN(C)N=O,1.0,1.0,1.0,0.0,explicit,explicit,explicit,implicit
85,CCCCCCCCN(C)N=O,1.0,1.0,1.0,0.0,explicit,explicit,explicit,implicit
86,CCCCCCCN(C)N=O,1.0,1.0,1.0,0.0,explicit,explicit,explicit,implicit
87,CCCCCCN(C)N=O,1.0,1.0,1.0,0.0,explicit,explicit,explicit,implicit
88,CCCCCN(C)N=O,1.0,1.0,1.0,0.0,explicit,explicit,explicit,implicit
89,CCCCN(C(=O)N)N=O,1.0,1.0,1.0,1.0,explicit,explicit,explicit,explicit
90,CCCCN(C)N=O,1.0,1.0,1.0,0.0,explicit,explicit,explicit,implicit
91,CCCCN(CCCC)N,1.0,1.0,1.0,0.0,explicit,explicit,explicit,implicit
92,CCCCN(CCCC)N=O,1.0,1.0,1.0,0.0,explicit,explicit,explicit,implicit
93,CCCCOCCO,1.0,0.0,1.0,0.0,explicit,implicit,explicit,implicit
94,CCCN(C(=O)N)N=O,1.0,0.0,1.0,0.0,explicit,implicit,explicit,implicit
95,CCCN(CCC)C1=C(C=C(C=C1[N+](=O)[O-])C(F)(F)F)[N+](=O)[O-],1.0,1.0,1.0,0.0,explicit,explicit,explicit,implicit
96,CCN(C(=O)N)N=O,1.0,1.0,1.0,1.0,explicit,explicit,explicit,explicit
97,CCN(C(=O)NCC(=O)C)N=O,1.0,1.0,1.0,1.0,explicit,explicit,explicit,explicit
98,CCN(CC)N=O,1.0,1.0,1.0,0.0,explicit,explicit,explicit,explicit
99,CCN=[N+](CC)[O-],1.0,0.0,0.0,1.0,explicit,implicit,implicit,explicit
100,CCNC(=O)N(CCO)N=O,1.0,1.0,0.0,1.0,explicit,explicit,implicit,explicit
101,CCNC(=O)NC1=NC=C(S1)[N+](=O)[O-],1.0,0.0,0.0,1.0,explicit,implicit,implicit,explicit
102,CCNC1=NC(=NC(=N1)Cl)NC(C)(C)C#N,0.0,0.0,0.0,1.0,explicit,implicit,implicit,explicit
103,CCOC(=O)N,1.0,1.0,1.0,1.0,explicit,explicit,explicit,explicit
104,CCOC1=CC=C(C=C1)NC(=O)C,0.0,0.0,1.0,1.0,explicit,explicit,explicit,explicit
105,CC[C@H](C)C(=O)O[C@H]1C[C@H](C=C2[C@H]1[C@H]([C@H](C=C2)C)CC[C@@H]3C[C@H](CC(=O)O3)O)C,1.0,1.0,1.0,0.0,explicit,explicit,explicit,implicit
106,CN(/C(=N/[N+](=O)[O-])/N)N=O,1.0,1.0,1.0,0.0,explicit,explicit,explicit,implicit
107,CN(C)C(=O)NC1=CC(=C(C=C1)Cl)Cl,0.0,0.0,0.0,1.0,explicit,explicit,implicit,explicit
108,CN(C1=CC=CC=C1)N=O,1.0,1.0,1.0,0.0,explicit,explicit,explicit,implicit
109,CN1C2=C(C3=C(C=C2)N=CC=C3)N=C1N,1.0,1.0,1.0,1.0,explicit,explicit,explicit,explicit
110,CN1C2=C(N=CC(=C2)C3=CC=CC=C3)N=C1N,1.0,0.0,0.0,1.0,explicit,implicit,implicit,explicit
111,CNNC,1.0,1.0,1.0,0.0,explicit,explicit,explicit,implicit
112,COC1=CC(=C(C=C1)OC)/C=C/C2=CC=C(C=C2)N,1.0,1.0,1.0,0.0,explicit,explicit,explicit,implicit
113,COP(=O)(OC)OC=C(Cl)Cl,0.0,0.0,1.0,1.0,explicit,implicit,explicit,explicit
114,CO[P+](=O)OC,0.0,1.0,1.0,0.0,explicit,explicit,explicit,implicit
115,C[C@@H]1CC2=C(C=C(C(=C2C(=O)O1)O)C(=O)NC(CC3=CC=CC=C3)C(=O)O)Cl,1.0,0.0,0.0,1.0,explicit,implicit,implicit,explicit
116,C[C@@H]1CC2=C(C=C(C(=C2C(=O)O1)O)C(=O)N[C@@H](CC3=CC=CC=C3)C(=O)O)Cl,1.0,0.0,0.0,1.0,explicit,implicit,implicit,explicit
117,C[C@]12CC[C@H]3[C@H]([C@@H]1CC[C@]2(C#C)O)CCC4=C3C=CC(=C4)OC,0.0,0.0,0.0,1.0,explicit,implicit,implicit,explicit
118,C[C@]12CC[C@H]3[C@H]([C@@H]1CC[C@]2(C#C)O)CCC4=C3CCC(=O)C4,1.0,0.0,0.0,1.0,explicit,implicit,implicit,explicit
119,C[N+](=O)[O-],1.0,1.0,0.0,1.0,explicit,explicit,implicit,explicit
120,NN,1.0,1.0,1.0,0.0,explicit,explicit,explicit,implicit
121,C([C@H]([C@H]([C@@H]([C@@H](CBr)O)O)O)O)Br,0.0,1.0,0.0,1.0,implicit,explicit,implicit,explicit
122,C1=C(C(=O)NC(=O)N1)N(CCCl)CCCl,0.0,1.0,0.0,1.0,implicit,explicit,implicit,explicit
123,C1=C(OC(=C1)[N+](=O)[O-])/C=N/NC(=O)N,0.0,1.0,0.0,1.0,implicit,explicit,implicit,explicit
124,C1=C(OC(=C1)[N+](=O)[O-])C2=CSC(=N2)NC=O,0.0,1.0,1.0,1.0,implicit,explicit,explicit,explicit
125,C1=C(OC(=C1)[N+](=O)[O-])C2=NN=C(O2)N,0.0,1.0,1.0,1.0,implicit,explicit,explicit,explicit
126,C1=C(OC(=C1)[N+](=O)[O-])C2=NN=C(S2)N,0.0,1.0,1.0,1.0,implicit,explicit,explicit,explicit
127,C1=C(SC(=N1)N)[N+](=O)[O-],0.0,1.0,0.0,1.0,implicit,explicit,implicit,explicit
128,C1=CC(=C(C=C1/C=C/C(=O)O)O)O,0.0,1.0,1.0,0.0,implicit,explicit,explicit,implicit
129,C1=CC(=C(C=C1C=CC(=O)O)O)O,0.0,1.0,1.0,0.0,implicit,explicit,explicit,implicit
130,C1=CC(=CC=C1CCCC(=O)O)N(CCCl)CCCl,0.0,1.0,0.0,1.0,implicit,explicit,implicit,explicit
131,C1=CC2=C3C(=C1)C=CC4=C(C=CC(=C43)C=C2)[N+](=O)[O-],0.0,1.0,0.0,1.0,implicit,explicit,implicit,explicit
132,C1=CC2=C3C(=C1)C=CC4=C3C(=CC5=C4[C@@H]6[C@@H](O6)[C@H]([C@@H]5O)O)C=C2,0.0,1.0,0.0,1.0,implicit,explicit,implicit,explicit
133,C1=CC=C(C=C1)C(Cl)(Cl)Cl,0.0,1.0,1.0,0.0,implicit,explicit,explicit,implicit
134,C1=NC(=NC(=O)N1[C@H]2[C@@H]([C@@H]([C@H](O2)CO)O)O)N,0.0,1.0,0.0,1.0,implicit,explicit,implicit,explicit
135,C1CN(C(=O)N1)C2=NC=C(S2)[N+](=O)[O-],0.0,1.0,1.0,1.0,implicit,explicit,explicit,explicit
136,C1CO1,0.0,1.0,1.0,1.0,implicit,explicit,explicit,explicit
137,C=CC(=O)N,0.0,1.0,0.0,1.0,implicit,explicit,implicit,explicit
138,CC1CN(CC(N1C)C)N=O,0.0,1.0,1.0,0.0,implicit,explicit,explicit,implicit
139,CCCCCCN(C(=O)N)N=O,0.0,1.0,1.0,1.0,implicit,explicit,explicit,explicit
140,CCN(C(=O)NC)N=O,0.0,1.0,0.0,1.0,implicit,explicit,implicit,explicit
141,CCN(CC)C(=S)SCC(=C)Cl,0.0,1.0,1.0,1.0,implicit,explicit,explicit,explicit
142,CCOC(=O)N(C)N=O,0.0,1.0,1.0,0.0,implicit,explicit,explicit,implicit
143,CN(C)/C=N/C1=NN=C(O1)/C=C/C2=CC=C(O2)[N+](=O)[O-],0.0,1.0,1.0,1.0,implicit,explicit,explicit,explicit
144,CN(C)/N=N/C1=C(NC=N1)C(=O)N,0.0,1.0,0.0,1.0,implicit,explicit,implicit,explicit
145,CN(C)N=NC1=C(NC=N1)C(=O)N,0.0,1.0,0.0,1.0,implicit,explicit,implicit,explicit
146,CN(C1=NC=NC2=C1NC=N2)N=O,0.0,1.0,0.0,1.0,implicit,explicit,implicit,explicit
147,C[C@@H]([C@H]1CC[C@@]2([C@@]1(CC[C@H]3C2=CC(=O)[C@H]4[C@@]3(C[C@@H]([C@@H](C4)O)O)C)C)O)[C@@H](CCC(C)(C)O)O,0.0,1.0,0.0,1.0,implicit,explicit,implicit,explicit
148,C(#N)C1=C(C(=C(C(=C1Cl)Cl)Cl)C#N)Cl,0.0,0.0,1.0,0.0,implicit,implicit,explicit,implicit
149,C/C=C/Cl,0.0,0.0,1.0,0.0,implicit,implicit,explicit,implicit
150,C1=C(OC(=C1)[N+](=O)[O-])C2=CSC(=N2)N,0.0,0.0,1.0,0.0,implicit,implicit,explicit,implicit
151,C1=CC(=C(C=C1Cl)N)O,0.0,0.0,1.0,0.0,implicit,implicit,explicit,implicit
152,C1C(O1)COC2=CC(=CC=C2)OCC3CO3,0.0,0.0,1.0,0.0,implicit,implicit,explicit,implicit
153,C1CN(CCN1N=O)N=O,0.0,0.0,1.0,0.0,implicit,implicit,explicit,implicit
154,C=CCCl,0.0,0.0,1.0,0.0,implicit,implicit,explicit,implicit
155,CC(C1OCC(O1)CO)I,0.0,0.0,1.0,0.0,implicit,implicit,explicit,implicit
156,CC(CN(CC(CO)O)N=O)O,0.0,0.0,1.0,0.0,implicit,implicit,explicit,implicit
157,CC1=CC(=C(C=C1)O)O,0.0,0.0,1.0,0.0,implicit,implicit,explicit,implicit
158,CC=CCl,0.0,0.0,1.0,0.0,implicit,implicit,explicit,implicit
159,CCCCCN(C(=O)OCC)N=O,0.0,0.0,1.0,0.0,implicit,implicit,explicit,implicit
160,CCN(/C(=N\[N+](=O)[O-])/N)N=O,0.0,0.0,1.0,0.0,implicit,implicit,explicit,implicit
161,CCOS(=O)(=O)OCC,0.0,0.0,1.0,0.0,implicit,implicit,explicit,implicit
162,CN(C(=N)N[N+](=O)[O-])N=O,0.0,0.0,1.0,0.0,implicit,implicit,explicit,implicit
163,CN(C(=O)NCCC[C@@H](C(=O)O)N)N=O,0.0,0.0,1.0,1.0,implicit,implicit,explicit,explicit
164,CN(C)C(=O)NN=O,0.0,0.0,1.0,1.0,implicit,implicit,explicit,explicit
165,CN(C=O)N=O,0.0,0.0,1.0,0.0,implicit,implicit,explicit,implicit
166,CN(CCC1=CC=CC=C1)N=O,0.0,0.0,1.0,0.0,implicit,implicit,explicit,implicit
167,COC1=C(C=CC(=C1)C2=CC(=C(C=C2)N)OC)N,0.0,0.0,1.0,0.0,implicit,implicit,explicit,implicit
168,C1=CC(=CC=C1CC(C(=O)O)N)N(CCCl)CCCl,0.0,0.0,0.0,1.0,implicit,implicit,implicit,explicit
169,C1=CC=C2C=C3C=C(C=CC3=CC2=C1)N,0.0,0.0,0.0,1.0,implicit,implicit,implicit,explicit
170,C1=COC(=C1)CNC2=CC(=C(C=C2C(=O)O)S(=O)(=O)N)Cl,0.0,0.0,0.0,1.0,implicit,implicit,implicit,explicit
171,CC(=O)N(C1=CC=CC2=C1CC3=CC=CC=C32)C(=O)C,0.0,0.0,0.0,1.0,implicit,implicit,implicit,explicit
172,CC(=O)NC1=CC=C(C=C1)C2=CC=C(C=C2)N(C(=O)C)O,0.0,0.0,0.0,1.0,implicit,implicit,implicit,explicit
173,CC(=O)[C@]1(CC[C@@H]2[C@@]1(CC[C@H]3[C@H]2C=C(C4=CC(=O)CC[C@]34C)Cl)C)OC(=O)C,0.0,0.0,0.0,1.0,implicit,implicit,implicit,explicit
174,CC(C)(C1=CC=C(C=C1)O)C2=CC=C(C=C2)O,0.0,0.0,0.0,1.0,implicit,implicit,implicit,explicit
175,CC1(C=CC2=C3C(=C(C=C2O1)OC)C(=O)C4=CC=CC=C4N3C)C,0.0,0.0,0.0,1.0,implicit,implicit,implicit,explicit
176,CC1=C2C(=C(C3=CC=CC=C13)C=O)C=CC4=CC=CC=C42,0.0,0.0,0.0,1.0,implicit,implicit,implicit,explicit
177,CN(C)NC1=NC(=CS1)C2=CC=C(O2)[N+](=O)[O-],0.0,0.0,0.0,1.0,implicit,implicit,implicit,explicit
178,CO[C@H]1[C@@H](C[C@@H]2CN3CCC4=C([C@H]3C[C@@H]2[C@@H]1C(=O)OC)NC5=C4C=CC(=C5)OC)OC(=O)C6=CC(=C(C(=C6)OC)OC)OC,0.0,0.0,0.0,1.0,implicit,implicit,implicit,explicit
179,C[C@]12CC[C@H]3[C@H]([C@@H]1CCC2=O)CCC4=C3C=CC(=C4)O,0.0,0.0,0.0,1.0,implicit,implicit,implicit,explicit
180,C1=CC(=CC=C1C2=CSC(=N2)N)[N+](=O)[O-],1.0,1.0,1.0,1.0,explicit,explicit,explicit,explicit
181,C1=CC(=CC=C1N)Cl,1.0,1.0,1.0,1.0,explicit,explicit,explicit,explicit
182,C1=CC(=CC=C1N)S(=O)(=O)C2=CC=C(C=C2)N,1.0,1.0,1.0,1.0,explicit,explicit,explicit,explicit
183,CC(CN1CC(=O)NC(=O)C1)N2CC(=O)NC(=O)C2,1.0,1.0,1.0,1.0,explicit,explicit,explicit,explicit
184,CC1CN(CC(N1)C)N=O,1.0,1.0,1.0,1.0,explicit,explicit,explicit,explicit
185,CC1CN1P(=O)(N2CC2C)N3CC3C,1.0,1.0,1.0,1.0,explicit,explicit,explicit,explicit
186,CCCCOC(=O)C1=CC=CC=C1C(=O)OCC2=CC=CC=C2,1.0,1.0,1.0,1.0,explicit,explicit,explicit,explicit
187,CCN(CC)C(=S)S[Te](SC(=S)N(CC)CC)(SC(=S)N(CC)CC)SC(=S)N(CC)CC,1.0,1.0,1.0,1.0,explicit,explicit,explicit,explicit
188,COC1=C(C=CC(=C1)C2=CC(=C(C=C2)N=C=O)OC)N=C=O,1.0,1.0,1.0,1.0,explicit,explicit,explicit,explicit
189,COP(=O)(N1CCOCC1)OC,1.0,1.0,1.0,1.0,explicit,explicit,explicit,explicit
190,C(#CCl)Cl,1.0,1.0,1.0,1.0,explicit,explicit,explicit,explicit
191,C(=C(Cl)Cl)(Cl)Cl,1.0,1.0,1.0,1.0,explicit,explicit,explicit,explicit
192,C(=C(F)F)(F)F,1.0,1.0,1.0,1.0,explicit,explicit,explicit,explicit
193,C(C(=O)O)(Br)Br,1.0,1.0,1.0,1.0,explicit,explicit,explicit,explicit
194,C(CO)N(CCO)N=O,1.0,1.0,1.0,1.0,explicit,explicit,explicit,explicit
195,C([C@H]([C@@H]([C@@H]([C@H](CBr)O)O)O)O)Br,1.0,1.0,1.0,1.0,explicit,explicit,explicit,explicit
196,C/C=C(/C)\C(=O)O[C@H]1CCN2[C@@H]1C(=CC2)COC(=O)[C@@]([C@H](C)OC)(C(C)(C)O)O,1.0,1.0,1.0,1.0,explicit,explicit,explicit,explicit
197,C/C=C\1/CC(=C)[C@@](C(=O)OCC2=CCN3[C@H]2[C@@H](CC3)OC1=O)(CO)O,1.0,1.0,1.0,1.0,explicit,explicit,explicit,explicit
198,C1(=C(C(=C(C(=C1Cl)Cl)Cl)Cl)Cl)O,1.0,1.0,1.0,1.0,explicit,explicit,explicit,explicit
199,C12(C3(C4(C5(C3(C(C1(C5(C2(C4(Cl)Cl)Cl)Cl)Cl)(Cl)Cl)Cl)Cl)Cl)Cl)Cl,1.0,1.0,1.0,1.0,explicit,explicit,explicit,explicit
200,C1=C(C=C(C(=C1Cl)N)Cl)Cl,1.0,1.0,1.0,1.0,explicit,explicit,explicit,explicit
201,C1=C(C=C(C(=C1Cl)O)Cl)Cl,1.0,1.0,1.0,1.0,explicit,explicit,explicit,explicit
202,C1=CC(=CC=C1C(C2=CC=C(C=C2)Cl)C(Cl)(Cl)Cl)Cl,1.0,1.0,1.0,1.0,explicit,explicit,explicit,explicit
203,C1=CC(=CC=C1C[C@@H](C(=O)O)N)N(CCCl)CCCl,1.0,1.0,1.0,1.0,explicit,explicit,explicit,explicit
204,C1=CC(=CC=C1N)OC2=CC=C(C=C2)Cl,1.0,1.0,1.0,1.0,explicit,explicit,explicit,explicit
205,C1=CC(=CC=C1O)O,1.0,1.0,1.0,1.0,explicit,explicit,explicit,explicit
206,C1=CC(=CC=C1[N+](=O)[O-])Cl,1.0,1.0,1.0,1.0,explicit,explicit,explicit,explicit
207,C1=CC(=CC=C1[N+](=O)[O-])OC2=C(C=C(C=C2)Cl)Cl,1.0,1.0,1.0,1.0,explicit,explicit,explicit,explicit
208,C1=CC2=C(C=C1Cl)OC3=C(O2)C=C(C=C3)Cl,1.0,1.0,1.0,1.0,explicit,explicit,explicit,explicit
209,C1=CC=C(C=C1)C(=O)NN,1.0,1.0,1.0,1.0,explicit,explicit,explicit,explicit
210,C1=CC=C(C=C1)N=NC2=CC=CC=C2,1.0,1.0,1.0,1.0,explicit,explicit,explicit,explicit
211,C1=CC=C2C(=C1)C(=O)C3=C(C2=O)C=C(C=C3)N,1.0,1.0,1.0,1.0,explicit,explicit,explicit,explicit
212,C1=CC=C2C(=C1)C(=O)OC2(C3=CC=C(C=C3)O)C4=CC=C(C=C4)O,1.0,1.0,1.0,1.0,explicit,explicit,explicit,explicit
213,C1=CC=C2C(=C1)C3=C4C(=CC=C5C4=C(C=C3)C(=O)C6=CC=CC=C65)C2=O,1.0,1.0,1.0,1.0,explicit,explicit,explicit,explicit
214,C1=CC=C2C(=C1)NC(=S)S2,1.0,1.0,1.0,1.0,explicit,explicit,explicit,explicit
215,C1=COC=C1,1.0,1.0,1.0,1.0,explicit,explicit,explicit,explicit
216,C=O,1.0,1.0,1.0,1.0,explicit,explicit,explicit,explicit
217,CC(=O)N,1.0,1.0,1.0,1.0,explicit,explicit,explicit,explicit
218,CC(C)(C)OC,1.0,1.0,1.0,1.0,explicit,explicit,explicit,explicit
219,CC(C)CC(=O)OCC=C,1.0,1.0,1.0,1.0,explicit,explicit,explicit,explicit
220,CC(C)CCCCCCOC(=O)C1=CC=CC=C1C(=O)OCCCCCCC(C)C,1.0,1.0,1.0,1.0,explicit,explicit,explicit,explicit
221,CC1(C(=C)[C@@]2(C([C@]1(C(C2(Cl)Cl)(Cl)Cl)Cl)Cl)Cl)C,1.0,1.0,1.0,1.0,explicit,explicit,explicit,explicit
222,CC1=C(C=C(C=C1)Cl)N,1.0,1.0,1.0,1.0,explicit,explicit,explicit,explicit
223,CC1=C(C=C(C=C1)[N+](=O)[O-])N,1.0,1.0,1.0,1.0,explicit,explicit,explicit,explicit
224,CC1=CC=C(C=C1)NC(=O)N,1.0,1.0,1.0,1.0,explicit,explicit,explicit,explicit
225,CC1CC(OC(O1)C)OC(=O)C,1.0,1.0,1.0,1.0,explicit,explicit,explicit,explicit
226,CCCC(CCCC(CCC(CCC(CCC(CCCC(CCC)Cl)Cl)Cl)Cl)Cl)Cl,1.0,1.0,1.0,1.0,explicit,explicit,explicit,explicit
227,CCCCCC(=O)N,1.0,1.0,1.0,1.0,explicit,explicit,explicit,explicit
228,CN(C)C1=CC=C(C=C1)C(=O)C2=CC=C(C=C2)N(C)C,1.0,1.0,1.0,1.0,explicit,explicit,explicit,explicit
229,CN(C)N,1.0,1.0,1.0,1.0,explicit,explicit,explicit,explicit
230,CN(C=O)N,1.0,1.0,1.0,1.0,explicit,explicit,explicit,explicit
231,CN1C=NC(=C1SC2=NC=NC3=C2NC=N3)[N+](=O)[O-],1.0,1.0,1.0,1.0,explicit,explicit,explicit,explicit
232,COC1=C2C3=C(C(=O)OCC3)C(=O)OC2=C4C5C=COC5OC4=C1,1.0,1.0,1.0,1.0,explicit,explicit,explicit,explicit
233,COC1=CC=CC=C1[N+](=O)[O-],1.0,1.0,1.0,1.0,explicit,explicit,explicit,explicit
234,C[As](=O)(C)O,1.0,1.0,1.0,1.0,explicit,explicit,explicit,explicit
235,Cl[Cd]Cl,1.0,1.0,1.0,1.0,explicit,explicit,explicit,explicit
236,C(C(CBr)Br)Cl,1.0,1.0,1.0,1.0,explicit,explicit,explicit,explicit
237,C(CCl)OP(=O)(OCCCl)OCCCl,1.0,1.0,1.0,1.0,explicit,explicit,explicit,explicit
238,C1=CC(=C(C=C1C2=CC(=C(C=C2)N)Cl)Cl)N,1.0,1.0,1.0,1.0,explicit,explicit,explicit,explicit
239,C1=CC(=CC=C1C2=CSC(=N2)NN)N,1.0,1.0,1.0,1.0,explicit,explicit,explicit,explicit
240,C1=CC(=CC=C1C2=CSC(=N2)NN)[N+](=O)[O-],1.0,1.0,1.0,1.0,explicit,explicit,explicit,explicit
241,C1C=CCC2C1C(=O)N(C2=O)SC(C(Cl)Cl)(Cl)Cl,1.0,1.0,1.0,1.0,explicit,explicit,explicit,explicit
242,C1CN(C(=O)N1)/N=C/C2=CC=C(O2)[N+](=O)[O-],1.0,1.0,1.0,1.0,explicit,explicit,explicit,explicit
243,C1CN1P(=S)(N2CC2)N3CC3,1.0,1.0,1.0,1.0,explicit,explicit,explicit,explicit
244,C1CNP(=O)(OC1)N(CCCl)CCCl,1.0,1.0,1.0,1.0,explicit,explicit,explicit,explicit
245,C1COS(=O)(=O)C1,1.0,1.0,1.0,1.0,explicit,explicit,explicit,explicit
246,CC(Cl)Cl,1.0,1.0,1.0,1.0,explicit,explicit,explicit,explicit
247,CCCCCN(C(=O)N)N=O,1.0,1.0,1.0,1.0,explicit,explicit,explicit,explicit
248,CCCCNC(=O)N(CCCC)N=O,1.0,1.0,1.0,1.0,explicit,explicit,explicit,explicit
249,CCNC1=NC(=NC(=N1)Cl)NC(C)C,1.0,1.0,1.0,1.0,explicit,explicit,explicit,explicit
250,COC1=C(C=C(C=C1)CC=C)OC,1.0,1.0,1.0,1.0,explicit,explicit,explicit,explicit
251,C[C@H](CCCC(C)C)[C@H]1CC[C@@H]2[C@@]1(CC[C@H]3[C@H]2CC=C4[C@@]3(CC[C@@H](C4)OC(=O)CC5=CC=C(C=C5)N(CCCl)CCCl)C)C,1.0,1.0,1.0,1.0,explicit,explicit,explicit,explicit
252,C[C@]12CC[C@H]3[C@H]([C@@H]1CC[C@@H]2OC(=O)CC4=CC=C(C=C4)N(CCCl)CCCl)CCC5=C3C=CC(=C5)OC(=O)CC6=CC=C(C=C6)N(CCCl)CCCl,1.0,1.0,1.0,1.0,explicit,explicit,explicit,explicit
253,B(O)(O)O,0.0,0.0,0.0,0.0,explicit,explicit,explicit,explicit
254,C#CCN1C(=O)COC2=CC(=C(C=C21)N3C(=O)C4=C(C3=O)CCCC4)F,0.0,0.0,0.0,0.0,explicit,explicit,explicit,explicit
255,C#CCO,0.0,0.0,0.0,0.0,explicit,explicit,explicit,explicit
256,C(#N)Br,0.0,0.0,0.0,0.0,explicit,explicit,explicit,explicit
257,C(#N)C#N,0.0,0.0,0.0,0.0,explicit,explicit,explicit,explicit
258,C(#N)Cl,0.0,0.0,0.0,0.0,explicit,explicit,explicit,explicit
259,C(#N)N=C(N)N,0.0,0.0,0.0,0.0,explicit,explicit,explicit,explicit
260,C(=C(Cl)Cl)Cl,0.0,0.0,0.0,0.0,explicit,explicit,explicit,explicit
261,C(=CCl)Cl,0.0,0.0,0.0,0.0,explicit,explicit,explicit,explicit
262,C(=N[N+](=O)[O-])(N)N,0.0,0.0,0.0,0.0,explicit,explicit,explicit,explicit
263,C(=O)(C(C(C(C(C(C(C(C(C(F)(F)F)(F)F)(F)F)(F)F)(F)F)(F)F)(F)F)(F)F)(F)F)O,0.0,0.0,0.0,0.0,explicit,explicit,explicit,explicit
264,C(=O)(C(C(C(C(C(F)(F)F)(F)F)(F)F)(F)F)(F)F)O,0.0,0.0,0.0,0.0,explicit,explicit,explicit,explicit
265,C(=O)(C(C(C(F)(F)F)(F)F)(F)F)O,0.0,0.0,0.0,0.0,explicit,explicit,explicit,explicit
266,C(=O)(C(Cl)(Cl)Cl)O,0.0,0.0,0.0,0.0,explicit,explicit,explicit,explicit
267,C(=O)(C(Cl)(Cl)Cl)[O-],0.0,0.0,0.0,0.0,explicit,explicit,explicit,explicit
268,C(=O)(Cl)Cl,0.0,0.0,0.0,0.0,explicit,explicit,explicit,explicit
269,C(=O)C=O,0.0,0.0,0.0,0.0,explicit,explicit,explicit,explicit
270,C(=O)N,0.0,0.0,0.0,0.0,explicit,explicit,explicit,explicit
271,C(=S)(N)NN,0.0,0.0,0.0,0.0,explicit,explicit,explicit,explicit
272,C(=S)(N)NNC(=S)N,0.0,0.0,0.0,0.0,explicit,explicit,explicit,explicit
273,C(=S)=S,0.0,0.0,0.0,0.0,explicit,explicit,explicit,explicit
274,C(Br)(Br)Br,0.0,0.0,0.0,0.0,explicit,explicit,explicit,explicit
275,C(C(=O)CO)O,0.0,0.0,0.0,0.0,explicit,explicit,explicit,explicit
276,C(C(=O)O)(Cl)Cl,0.0,0.0,0.0,0.0,explicit,explicit,explicit,explicit
277,C(C(=O)O)Cl,0.0,0.0,0.0,0.0,explicit,explicit,explicit,explicit
278,C(C(=O)O)N,0.0,0.0,0.0,0.0,explicit,explicit,explicit,explicit
279,C(C(=O)O)N(CC(=O)O)CC(=O)O,0.0,0.0,0.0,0.0,explicit,explicit,explicit,explicit
280,C(C(=O)O)NCP(=O)(O)O,0.0,0.0,0.0,0.0,explicit,explicit,explicit,explicit
281,C(C(=O)O)OC1=NC(=C(C(=C1Cl)N)Cl)F,0.0,0.0,0.0,0.0,explicit,explicit,explicit,explicit
282,C(C(CCl)Cl)O,0.0,0.0,0.0,0.0,explicit,explicit,explicit,explicit
283,C(C(CO[N+](=O)[O-])(CO[N+](=O)[O-])CO[N+](=O)[O-])O[N+](=O)[O-],0.0,0.0,0.0,0.0,explicit,explicit,explicit,explicit
284,C(C(Cl)(Cl)Cl)(Cl)(Cl)Cl,0.0,0.0,0.0,0.0,explicit,explicit,explicit,explicit
285,C(C(Cl)(Cl)Cl)(Cl)Cl,0.0,0.0,0.0,0.0,explicit,explicit,explicit,explicit
286,C(C(Cl)(Cl)Cl)(O)O,0.0,0.0,0.0,0.0,explicit,explicit,explicit,explicit
287,C(C(Cl)(Cl)Cl)Cl,0.0,0.0,0.0,0.0,explicit,explicit,explicit,explicit
288,C(C(Cl)(Cl)Cl)O,0.0,0.0,0.0,0.0,explicit,explicit,explicit,explicit
289,C(C(Cl)Cl)(Cl)Cl,0.0,0.0,0.0,0.0,explicit,explicit,explicit,explicit
290,C(C(Cl)Cl)Cl,0.0,0.0,0.0,0.0,explicit,explicit,explicit,explicit
291,C(C(F)(Cl)Cl)(F)(F)Cl,0.0,0.0,0.0,0.0,explicit,explicit,explicit,explicit
292,C(C(F)(F)F)(F)Cl,0.0,0.0,0.0,0.0,explicit,explicit,explicit,explicit
293,C(C(F)(F)F)(OC(F)F)Cl,0.0,0.0,0.0,0.0,explicit,explicit,explicit,explicit
294,C(C(F)(F)F)F,0.0,0.0,0.0,0.0,explicit,explicit,explicit,explicit
295,C(C1C(C(C(C(O1)OCC2C(C(C(C(O2)OCC(C(C(C(C=O)O)O)O)O)O)O)O)O)O)O)O,0.0,0.0,0.0,0.0,explicit,explicit,explicit,explicit
296,C(C=O)C=O,0.0,0.0,0.0,0.0,explicit,explicit,explicit,explicit
297,C(CC(CBr)(C#N)Br)C#N,0.0,0.0,0.0,0.0,explicit,explicit,explicit,explicit
298,C(CC=O)CC=O,0.0,0.0,0.0,0.0,explicit,explicit,explicit,explicit
299,C(CCCCCN)CCCCC(=O)O,0.0,0.0,0.0,0.0,explicit,explicit,explicit,explicit
300,C(CCCN=C=O)CCN=C=O,0.0,0.0,0.0,0.0,explicit,explicit,explicit,explicit
301,C(CCl)O,0.0,0.0,0.0,0.0,explicit,explicit,explicit,explicit
302,C(CCl)OCCCl,0.0,0.0,0.0,0.0,explicit,explicit,explicit,explicit
303,C(CCl)OP(=O)(OCCCl)OCCCl,0.0,0.0,0.0,0.0,explicit,explicit,explicit,explicit
304,C(CCl)P(=O)(O)O,0.0,0.0,0.0,0.0,explicit,explicit,explicit,explicit
305,C(CF)N(C(=O)N)N=O,0.0,0.0,0.0,0.0,explicit,explicit,explicit,explicit
306,C(CN)N,0.0,0.0,0.0,0.0,explicit,explicit,explicit,explicit
307,C(CO)N(CCO)CCO,0.0,0.0,0.0,0.0,explicit,explicit,explicit,explicit
308,C(CO)NCCO,0.0,0.0,0.0,0.0,explicit,explicit,explicit,explicit
309,C(CO)O,0.0,0.0,0.0,0.0,explicit,explicit,explicit,explicit
310,C(COCCO)O,0.0,0.0,0.0,0.0,explicit,explicit,explicit,explicit
311,C(C[N+](=O)[O-])C(=O)O,0.0,0.0,0.0,0.0,explicit,explicit,explicit,explicit
312,C(Cl)(Br)Br,0.0,0.0,0.0,0.0,explicit,explicit,explicit,explicit
313,C(Cl)(Cl)Br,0.0,0.0,0.0,0.0,explicit,explicit,explicit,explicit
314,C(Cl)(Cl)Cl,0.0,0.0,0.0,0.0,explicit,explicit,explicit,explicit
315,C(F)(Cl)(Cl)Cl,0.0,0.0,0.0,0.0,explicit,explicit,explicit,explicit
316,C(F)(F)(Cl)Cl,0.0,0.0,0.0,0.0,explicit,explicit,explicit,explicit
317,C(F)(F)Cl,0.0,0.0,0.0,0.0,explicit,explicit,explicit,explicit
318,C(I)(I)I,0.0,0.0,0.0,0.0,explicit,explicit,explicit,explicit
319,C([C@@H]([C@@H](CO)O)O)C(=O)C=O,0.0,0.0,0.0,0.0,explicit,explicit,explicit,explicit
320,C([C@@H]([C@@H]1C(=C(C(=O)O1)O)O)O)O,0.0,0.0,0.0,0.0,explicit,explicit,explicit,explicit
321,C([C@@H]1[C@@H]([C@@H]([C@H]([C@@H](O1)O[C@H]([C@@H](CO)O)[C@@H]([C@H](C=O)O)O)O)O)O)O,0.0,0.0,0.0,0.0,explicit,explicit,explicit,explicit
322,C([C@@H]1[C@@H]([C@@H]([C@H]([C@@H](O1)O[C@H]([C@@H](CO)O)[C@@H]([C@H](CO)O)O)O)O)O)O,0.0,0.0,0.0,0.0,explicit,explicit,explicit,explicit
323,C([C@@H]1[C@@H]([C@@H]([C@H]([C@H](O1)O[C@]2([C@H]([C@@H]([C@H](O2)CCl)O)O)CCl)O)O)Cl)O,0.0,0.0,0.0,0.0,explicit,explicit,explicit,explicit
324,C([C@@H]1[C@@H]2[C@@H]([C@H]([C@H](O1)O[C@@H]3[C@H](O[C@@H]([C@@H]([C@H]3O)O)O[C@@H]4[C@H](O[C@@H]([C@@H]([C@H]4O)O)O[C@@H]5[C@H](O[C@@H]([C@@H]([C@H]5O)O)O[C@@H]6[C@H](O[C@@H]([C@@H]([C@H]6O)O)O[C@@H]7[C@H](O[C@@H]([C@@H]([C@H]7O)O)O[C@@H]8[C@H](O[C@H](O2)[C@@H]([C@H]8O)O)CO)CO)CO)CO)CO)CO)O)O)O,0.0,0.0,0.0,0.0,explicit,explicit,explicit,explicit
325,C([C@@H]1[C@H]([C@@H]([C@H]([C@H](O1)OC[C@H]([C@H]([C@@H]([C@@H](CO)O)O)O)O)O)O)O)O,0.0,0.0,0.0,0.0,explicit,explicit,explicit,explicit
326,C([C@H]([C@@H]([C@H](C=O)O)O)O)O,0.0,0.0,0.0,0.0,explicit,explicit,explicit,explicit
327,C([C@H]([C@H](CO)O)O)O,0.0,0.0,0.0,0.0,explicit,explicit,explicit,explicit
328,C([C@H]([C@H]([C@@H](C(=O)CO)O)O)O)O,0.0,0.0,0.0,0.0,explicit,explicit,explicit,explicit
329,C([C@H]([C@H]([C@@H]([C@@H](CO)O)O)O)O)O,0.0,0.0,0.0,0.0,explicit,explicit,explicit,explicit
330,C([N+](=O)[O-])(Cl)(Cl)Cl,0.0,0.0,0.0,0.0,explicit,explicit,explicit,explicit
331,C/C(=C\C=C\C=C(\C=C\C=C(\C(=O)O[C@@H]1O[C@@H]([C@H]([C@@H]([C@H]1O)O)O)CO[C@@H]2O[C@@H]([C@H]([C@@H]([C@H]2O)O)O)CO)/C)/C)/C=C/C=C(/C(=O)O[C@@H]3O[C@@H]([C@H]([C@@H]([C@H]3O)O)O)CO[C@@H]4O[C@@H]([C@H]([C@@H]([C@H]4O)O)O)CO)\C,0.0,0.0,0.0,0.0,explicit,explicit,explicit,explicit
332,C/C=C/C1=CC(=C(C=C1)O)OC,0.0,0.0,0.0,0.0,explicit,explicit,explicit,explicit
333,C/C=C/C1=CC(=C(C=C1OC)OC)OC,0.0,0.0,0.0,0.0,explicit,explicit,explicit,explicit
334,C/C=C/C1=CC=C(C=C1)OC,0.0,0.0,0.0,0.0,explicit,explicit,explicit,explicit
335,C/C=C/C=O,0.0,0.0,0.0,0.0,explicit,explicit,explicit,explicit
336,C1(=C(C(=C(C(=C1Br)Br)Br)Br)Br)Br,0.0,0.0,0.0,0.0,explicit,explicit,explicit,explicit
337,C1(=C(C(=C(C(=C1Br)Br)Br)Br)Br)OC2=C(C(=C(C(=C2Br)Br)Br)Br)Br,0.0,0.0,0.0,0.0,explicit,explicit,explicit,explicit
338,C1(=C(C(=C(C(=C1Cl)Cl)Cl)Cl)Cl)Cl,0.0,0.0,0.0,0.0,explicit,explicit,explicit,explicit
339,C1(=C(C(=C(C(=C1Cl)Cl)Cl)Cl)Cl)[N+](=O)[O-],0.0,0.0,0.0,0.0,explicit,explicit,explicit,explicit
340,C1(=C(C(=NC(=C1Cl)Cl)C(=O)O)Cl)N,0.0,0.0,0.0,0.0,explicit,explicit,explicit,explicit
341,C1(=C(C(C(=C1Cl)Cl)(Cl)Cl)Cl)Cl,0.0,0.0,0.0,0.0,explicit,explicit,explicit,explicit
342,C1(=NC(=NC(=N1)N)N)N,0.0,0.0,0.0,0.0,explicit,explicit,explicit,explicit
